,origin,heard,identical,read
0,"Oh my God, hes lost it. Hes totally lost it.",my God he's lost any totally lost it,False,True
1,What?,,False,False
2,"Or! Or, we could go to the bank, close our accounts and cut them off at the source.",or we could go to the bank closed our accounts and cut them off at the store,False,True
3,Youre a genius!,,False,False
4,"Aww, man, now we wont be bank buddies!",,False,False
5,"Now, theres two reasons.",now there's two,False,True
6,Hey.,,False,False
7,Hey!,,False,False
8,"Ohh, you guys, remember that cute client I told you about? I bit him.",you guys remember that cute Klein I told you about him,False,True
9,Where?!,"where, Tricia",False,True
10,On the touchy.,,False,False
11,And,that's not against Euro,False,True
12,"No, I know!",I know I'm sorry but the,False,True
13,"I-Im sorry, but the moment I touch him, I just wanna throw out my old oath and take a new, dirty one.",I know I'm sorry but the moment I just want to rollie on my all those and take a new dirty one,False,True
14,"Well, next time your massaging him, you should try and distract yourself.",distract yourself,False,True
15,Yeah! Yeah! Yeah! Like-like when Im doing something exciting and I dont wanna get,yeah yeah yeah like like when I'm doing something exciting and I don't want to get too excited,False,True
16,"Thank you, Joey.",thank you Joey,False,True
17,"No-no, thank you.",don't know thank you,False,True
18,"Hey Estelle, listen",well well well,False,True
19,Well! Well! Well! Joey Tribbiani! So you came back huh? They,well well well,False,True
20,What are you talkin about? I never left you! Youve always been my agent!,you talking about I never left you,False,True
21,Really?!,really,False,True
22,Yeah!,,False,False
23,"Oh well, no harm, no foul.",oh well no I don't follow,False,True
24,"Okay, you guys free tonight?",okay you guys free tonight,False,True
25,Yeah!!,,False,False
26,Tonight? You-you didn't say it was going to be at nighttime.,,False,False
27,Yes? Yes?! How can I help you?,how can I help you,False,True
28,"Yeah, we werewe were just looking around.",,False,False
29,"Oh-oh, youre-youre fellow scholars.",,False,False
30,"What exactly were you looking for, hmm?",what exactly were you looking for,False,True
31,"Perhaps,  perhaps Dr. Chester Stocks musings on the Smiledon Californicus?",Perhaps Perhaps dr. Chester stop music only smaller than California,False,True
32,Uhh.,,False,False
33,"Ah AhGet out of here!  Uh, meeting someone? Or-or are you just here to brush up on Marions views on evolution?",I'm meeting someone or or are you just here to brush up on. Merriam's views on evolution,False,True
34,"Uh, actually I find Marions views far too progressionist.",actually I fly Merriam's views 52 progressionist,False,True
35,I find Marions views far too progressionist.,I find Miriam views bar to progression,False,True
36,"Im sorry, who are you?",I'm sorry,False,True
37,"Im a professor here uh, RossGeller.",Professor here,False,True
38,"Ross Geller, why do I know that name? Its uhWait!  Did you write this?",Geller why do I know that name its weight,False,True
39,Yes! Youre the person who checked out my book?!,you're the person who checked out my book,False,True
40,"Yknow, you look nothing like I wouldve thought. Youreyoure so young.",just so young,False,True
41,"Well I uh, I skipped forth grade.",well I am I skip 4th grade,False,True
42,You had no right to tell me you ever had feelings for me.,no right to tell me you ever had feelings for,False,True
43,What?,what I was doing great,False,True
44,I was doing great with Julie before I found out about you.,what I was doing great with Julie before I found out about you,False,True
45,"Hey, I was doin' great before I found out about you. You think it's easy for me to see you with Julie?",all doing great before I found out about you you think it's easy for me to see you with Julie,False,True
46,The point is I...,appointed,False,True
47,"I don't need this right now, OK.",,False,False
48,"It, it's too late, I'm with somebody else, I'm happy.",okay it's it's too late I was somebody else unhappy this trip has been,False,True
49,This ship has sailed.,I was somebody else unhappy,False,True
50,"Alright, fine, you go ahead and you do that, alright Ross.",,False,False
51,Fine.,,False,False
52,Cause I don't need your stupid ship.,stupid,False,True
53,Good.,,False,False
54,Good.,,False,False
55,"Oh, it's so romantic to send people off on their honeymoon.",honeymoon,False,True
56,"Yknow, Monica and Chandler are married. Ross and Rachel are having a baby. Maybe you and I should do something.",Chandler married Ross and Rachel were having a baby,False,True
57,All in good time my love.,if you and I should do something,False,True
58,All in good time.,good time,False,True
59,Oh shoot!,,False,False
60,I left my guitar in their apartment.,I left my guitar in their apartment,False,True
61,Well you can let me in later.,please let me in later,False,True
62,"I dont have a key, they took mine to give to you.",,False,False
63,What?! They took mine to give to you!,,False,False
64,Why would they take away our keys?,,False,False
65,Wow! It looks like we got a lot of good stuff.,,False,False
66,"Oh we did, but my mom got us the greatest gift of all.",,False,False
67,A,,False,False
68,No. Shes going to live with us for eight weeks.,she's going to live with us,False,True
69,"Uh, what?",,False,False
70,Yes! Shes gonna help us take care of the baby! Woo-hoo.,take care of the baby,False,True
71,WhatYoure not serious.,serious,False,True
72,"I mean shes a very nice woman, but there is no way we can take eight weeks of her.",how much is a very nice woman but there's no way we can take 8 weeks,False,True
73,Shell drive us totally crazy.,,False,False
74,Hi Ross!,,False,False
75,Hi roomie!,,False,False
76,Hey! What did you decide to do about the movie?,,False,False
77,I dont know!,I don't know,False,True
78,Its not like its porn!,,False,False
79,"This is a serious, legitimate movie.",is mysterious legitimate movie,False,True
80,And the nudity is really important to the story.,the nudity is really important to the store,False,True
81,Thats what you say about porn.,that's what you say about 4,False,True
82,Youre right. Maybe I shouldnt even go on the call back.,I'm going to call,False,True
83,"No! No you should! A lot of major actors do nude scenes! I mean, the chance to star in a movie? Come on!",a lot of major actors do nude scenes in a movie come on,False,True
84,Well thats true.,that's true,False,True
85,And I am only naked in one scene.,only naked,False,True
86,Plus it sounds really great.,,False,False
87,My characters catholic and he falls in love with this Jewish girl.,great my character chocolate falls in love with this,False,True
88,Who run away together and they get caught in this big rainstorm.,we've run away together get continents big rainstorm,False,True
89,So we go into this barn and undress each other and hold each other.,we going to this barn and undress each other and holding,False,True
90,Its really sweet and-and tender.,,False,False
91,"Hey, whats up?",,False,False
92,"Nothing, Monica and I had a stupid fight.",and I have a stupid fight,False,True
93,"But youre still moving in together, right? Because my ad came out today.",but you're still moving in together right cuz my ad came out today,False,True
94,"""Wanted. Female roommate, non-smoker, non-ugly."" Nice!",wanted female roommate nonsmoker non-ugly,False,True
95,Yeah?,,False,False
96,"I just figured yknow, after living with you itd be an interesting change of pace to have a female roommate, yknow?",I just figured it would be an interesting change of pace,False,True
97,"Someone I can learn from, someone-someone whos different than me.",I mean I can learn from someone who's different than me,False,True
98,And whats more different than me. A guy whos,I want more different than me a guy who's not 19,False,True
99,So where are we going next?,,False,False
100,This witness won't return my calls so we're gonna see if we can surprise him coming home.,return my calls incoming,False,True
101,"Sur-surprise him? We're not, we're not gonna make anybody mad are we?",surprise,False,True
102,"Come on man!  Listen so uh, are you gonna squeeze the perps shoes a little bit before he lawyers up?",come on man,False,True
103,It's a witness not a perp. And no one talks like that!,the witness not a purple noise cosplay,False,True
104,"Yeah, no one talks like that!",,False,False
105,Oh what? Like your Mr. Cop!,,False,False
106,"Hey, I'm more cop than you two!",amuka from YouTube,False,True
107,How do you figure that?,how do you take a nap,False,True
108,"Hello! I'm in the front seat, okay? I'm Gary's partner!",I'm in the front seat okay I'm Jerry partner,False,True
109,I guess so.,I guess so,False,True
110,Here you go. Thank you!,you fake,False,True
111,"Wait, Rach! Where's the other one?",,False,False
112,"Oh what, you-you want both of them?",oh what you do on both of us,False,True
113,"Rachel Karen Green, where's the other earring?!",Rachel Karen green where is the other earring,False,True
114,"Okay, okay, okay, look, just don't freak out, but I kinda lost it.",don't freak out but I kind of lost,False,True
115,"I know it's in the apartment, but I",Apartments,False,True
116,"Well, what am I going to tell Monica? She wants to wear them tonight!",tell Monica she wants to wear them tonight,False,True
117,Tell her to wear her own earrings.,how to wear earrings,False,True
118,These,,False,False
119,Nooo! Nooooo! You lent me Monica's earrings?! I'm not allowed to borrow her stuff!,,False,False
120,Why not?,,False,False
121,Because I lose her stuff!,,False,False
122,"Uh Phoebe, can I see you for a second?",,False,False
123,Yeah!,,False,False
124,Whats going on?,,False,False
125,Chandlers gone again!,again,False,True
126,Oh my God! Why would you play hide and seek with someone you know is a flight risk?!,oh my God why would you play hide and seek with someone you know is a Flight Risk,False,True
127,Okay. You ready to push again?,you ready for today,False,True
128,I already had a baby. Leave me alone.,I already had a baby leave me alone,False,True
129,"Okay, okay, come on, you can do it. You can do it!",you can do it you can do it,False,True
130,Yeah!!,,False,False
131,Little Leslie is here!,,False,False
132,We got another one!,,False,False
133,"Oh my God, I can't believe I have two-two children.",I can't believe I have,False,True
134,How scary is that?,hug.,False,True
135,"Come on little Chandler, it's time to be born. Come on little Chandler! Come on!",come on little Shameless time before,False,True
136,"All right, he's coming. He's coming!",tell me he's coming,False,True
137,"Hey, where's his thing?",hey when does Ben,False,True
138,Chandler's a girl!,,False,False
139,"Oh God, kindergarten flashback.",oh God kindergarten flashback,False,True
140,They musta read the sonogram wrong.,,False,False
141,"Cause they, 'cause they thought it was a boy, but Chandler's a girl!",,False,False
142,Chandler's a girl!,,False,False
143,"Okay, keep saying it!",,False,False
144,Am I too late?!,,False,False
145,"No-no ah, everything's okay. Everybody's healthy there's 30 fingers and 30 toes.",30 fingers and 30 toes,False,True
146,We have our babies?,,False,False
147,Yeah.,,False,False
148,"Oh, we have our babies.",,False,False
149,Hey Toby!,,False,False
150,Hey Bobby.,,False,False
151,"Its Bob actually. Hey, you work up here, can you tell me where this Chandler",Bob actually you work up here can you tell me what is Chandler Bing's office is,False,True
152,"Uhh yeah. Yeah, its  right, right down there.  Right there, yeah. Can I ask you why?",,False,False
153,"I want to talk to that bastard, see what his problem is.",,False,False
154,"Okay Bob listen uhh, Im the reason you didnt get the job up here.",I'm the reason you get the job,False,True
155,Toby dont.,Toby Jones,False,True
156,Bob!,,False,False
157,Toby! Im not gonna let you cover for him. Anything you say right now will just get me more upset with Chandler!,I'm not going to let you cover for him,False,True
158,Thank you.  Oh Joey and look at this crib! Its so cute!,I want you to stay to thank you,False,True
159,I know! I found it on the street.,hello,False,True
160,Are you seriousReally?! Its in such good condition.,,False,False
161,Yeah.,condition,False,True
162,Wow! Whoa-whoa whats under the covers?,,False,False
163,I dont know.,,False,False
164,Its moving.,,False,False
165,Ew.,,False,False
166,Its stillIts got a tail! Get it out of here! Get it out of here!!,,False,False
167,Ooh! Ah! Okay!,,False,False
168,"Well, I went over to Kyles last night to pick up a few things and we got to reminiscing",well I remember to Kyle's last night to pick up a few things and we got to reminisce,False,True
169,we talked through most of the night and we realized that the reason we were so angry at each other was because there are still feelings there. So,detoxing most of the night and we realized the reason we're so angry with each other's because there are still feelings there,False,True
170,Oh just say it Kyle!,,False,False
171,Were gonna give it another try.,going to give it another try,False,True
172,What about her whining and her constant need for attention?!,what about her whining in her constant need for attention,False,True
173,Im gonna work on that.,I'm going to work on that,False,True
174,"Oh right, because youre so capable of change.",,False,False
175,"Yknow, he hums when he pees!",Holmes when he pees,False,True
176,I do know.,I dunno,False,True
177,"It makes him miss the bowl, but whatever.",make some miss the bowl but whatever,False,True
178,Were so sorry.,we're so sorry,False,True
179,"Thats all right, we-we dont need you. In fact, hey Im over it already.",that's all right we we don't need you,False,True
180,"Yeah, and yknow what? I dont give a tiny rats ass.",you know what I don't even give a tiny rats hat,False,True
181,"Yeah, were gonna go.",yeah we're going to go,False,True
182,"Im sorry. Ugh, Pheebs, you were, you were right about her. Yknow, she",I'm sorry you were right about her,False,True
183,"Oh. Yknow, he hums while he does other stuff to.",he hums while he does other stuff too,False,True
184,"Yeah, we're better off without them.",better off without them,False,True
185,"And yknow, even if they break up again, youd better not let him in your sad mens club!",even if they break up again you better not let him in your stead men's club,False,True
186,Divorced mens club.,divorced men's club,False,True
187,Why isnt that valet back with my Porsche?,,False,False
188,Maybe because youve got the keys?,Eddie because you've got the key,False,True
189,This is totally your fault!,,False,False
190,My fault?! You threatened the judge!,my fault,False,True
191,"Well, you ripped the paper out of the court reporters machine!!",,False,False
192,Phoebe!,,False,False
193,Yeah?,,False,False
194,Have you seen Chandler?!,,False,False
195,No! Why?,no,False,True
196,The woman from the museum called and said that there was a cancellation and that we could move up our wedding and Chandler heard!,the woman from the museum called and said that there was a cancellation and that we can move up our wedding and Chandler,False,True
197,I know!,,False,False
198,How bad is this?,,False,False
199,"Well for the regular guy, its bad, but Chandler, Oh dear God!",well for the regular guy is bad with Chandler's oh dear God,False,True
200,I know! I know! And he totally freaked out and I cant find him anywhere!,I know I know any totally freaked out and I can't find him anywhere,False,True
201,What are you gonna do?,40 minutes,False,True
202,"Well, Im never gonna listen to you again, thats for sure!",I'm never going to listen to you again that's for sure,False,True
203,"""Yknow, harm can it do if you go and put your name down?""",and what harm can I do if there are you put your name now,False,True
204,Rachel said that!,,False,False
205,Well Rachels not here!,,False,False
206,"Come on, come on.",,False,False
207,"Damnit, damnit, damnit, damnit.",,False,False
208,This is all your fault.,,False,False
209,"This is supposed to be, like, the greatest day of my life, y'know?",greatest day of my life,False,True
210,"My son is being born, and I should be in there, you know, instead of stuck in a closet with you.",,False,False
211,The woman I love is having a baby today. I've been waiting for this just as much as you have.,the one that love is having a baby today I've been waiting for this just as much as you,False,True
212,"No no no, believe me.",,False,False
213,"No one has been waiting for this as much as I have, ok?",,False,False
214,And you know what the funny thing is?,,False,False
215,"When this day is over, you get to go home with the baby, ok?",,False,False
216,Where does that leave me?,,False,False
217,You get to be the baby's father.,you get to be the baby's father,False,True
218,Everyone knows who you are.,,False,False
219,Who am I?,,False,False
220,"There's Mother's Day, there's Father's Day, there's no... Lesbian Lover Day.",did know what did leopard,False,True
221,Every day is Lesbian Lover Day.,,False,False
222,This is so great.,No Gray,False,True
223,You wanna explain that?,explain that,False,True
224,"I mean, well, 'cause when I was growing up, you know my dad left, and my mother died, and my stepfather went to jail, so I barely had enough pieces of parents to make one whole one.",because when I was growing up you know my dad left and my mother died and my stepfather went to jail so I've barely had enough pieces of parents to make one home,False,True
225,And here's this little baby who has like three whole parents who care about it so much that they're fighting over who gets to love it the most.,I care this little baby who has 63 whole parents who care about it so much that they're fighting over who gets to live at the most it's not even born yet,False,True
226,And it's not even born yet.,it's not even born yet,False,True
227,"It's just, it's just the luckiest baby in the whole world.",it's the luckiest baby in the whole world,False,True
228,"I'm sorry, you were fighting.",I'm sorry you were fighting,False,True
229,"Okay, it's a typical New York City apartment. Two girls are just hanging out.",look at the typical New York City Park two girls hanging up,False,True
230,"Hi, how are you doing Kelly?",Hi how are you doing Kelly I'm doing just fine,False,True
231,"I'm doing just fine! God, Tiffany, you smell so great!",God diffine you smell so great,False,True
232,It's my new perfume. Why don't you come closer where you can,it's my new perfume why don't you come closer where you can really appreciate it,False,True
233,"Oh, y'know Joey, you are sick!",do you know Joey,False,True
234,This is disgusting!,,False,False
235,I'm not reading this!,,False,False
236,What?! Wait-wait-wait! The handsome man was about to enter!!,the man was about to answer,False,True
237,"All right, I'll give you this, Mr. Peanut is a better dresser.",alright I'll give you this mr. peanut is a better dresser,False,True
238,"I mean he's got the monocle, he's got the top hat...",I mean got the Monical's got the top hat,False,True
239,You know he's gay?,you know he's gay,False,True
240,I just wanna clarify this: are you outing Mr. Peanut?,I just want to clarify this are you outing mr. peanut,False,True
241,"Danielle! Hi! Uh- everybody, this is Danielle, Danielle, everybody.",Chandler Danielle hi everybody this is Danielle Danielle,False,True
242,Hi. Hi.,hi,False,True
243,What are you doing here?,what are you doing here well I've been call,False,True
244,"Well, what?",,False,False
245,What?,,False,False
246,What is it?,,False,False
247,That she left you?,you left you,False,True
248,That she likes women?,,False,False
249,That she left you for another woman that likes women?,women that she left you for another woman that likes,False,True
250,"Little louder, okay, I think there's a man on the twelfth floor in a coma that didn't quite hear you...",little louder okay I think there's a man on the 12th floor in a coma who didn't quite hear you,False,True
251,Then what?,then what,False,True
252,My first time with Carol was...,my first time was kind of weak,False,True
253,What?,what,False,True
254,It was my,it was my first,False,True
255,With Carol?  Oh.,who's Carol,False,True
256,"So in your whole life, you've only been with oneoh.",in your whole life you only been with one,False,True
257,"Whoah, boy, hockey was a big mistake! There was a whole bunch of stuff we could've done tonight!",hello boy hockey was a big mistake. There's a whole bunch of stuff,False,True
258,Hi. Where is everybody?,where is everybody,False,True
259,"Oh, its already closed, Chris gave me the keys to lock up-what is wrong?",already closed,False,True
260,"My marriage, I think my marriage is um, is kinda over.",unmarried I think my marriage is dumb kind of over,False,True
261,Oh no! Why?,why,False,True
262,"Cause Carols a lesbian.  And, and Im not one. And apparently its not a mix and match situation.",cuz Carol's a lesbian and and I'm not one apparently it's not a mix-and-match situation,False,True
263,"Oh my God! I dont believe it! Oh, you poor bunny.",God I don't believe it,False,True
264,Im an idiot.,I'm an idiot,False,True
265,"I mean shoulda seen it, I mean Carol and Id be out and shed, shed see some beautiful woman, and, and shed be Ross y'know look at her, and Id think, God, my wife is cool!",online be out and see some beautiful woman and don't look at her and I think,False,True
266,"Aw! Hey, do you think that Susan person is her lover?",did you think that Susan person is our lover,False,True
267,"Well, now I do!!",well now I do,False,True
268,Im sorry.,,False,False
269,Seven years.,souvenir,False,True
270,"I mean weve been together seven years, shes the only woman whos ever loved me, and the only woman Ive-Ive ever....",the only woman I ever loved me,False,True
271,"Aw, God Ross. Oh.",,False,False
272,Ill do it.,I'll do it no you won't,False,True
273,No you wont.,,False,False
274,"Look he knows he did a terrible thing and I believe him, hes sorry.",you know she did a terrible thing and sorry but you got one more apology to me,False,True
275,"But,  youve got one more apology to make, all right, youve got to apologize to Mary-Angela.",sorry but you got one more apology to make alright you got to pologize to Marianne,False,True
276,"Okay, absolutely!",okay absolute,False,True
277,All right.,alright,False,True
278,Youve got it.,,False,False
279,"Cookie, now you can punch him!",now you can punch,False,True
280,What?!,,False,False
281,"All right, that's it, I quit.",alright that's it I quit,False,True
282,What? I didn't say anything.,I didn't say anything,False,True
283,"Yeah, but this  isn't the face of a person who trusts a person.",yeah but this isn't the face of a person who trusts a person,False,True
284,"Ok, this  is the face of a person who, you know, doesn't trust a person.",okay this is the face of a person who you know doesn't trust a person,False,True
285,"I'm sorry. I'm sorry, Phoebe. It's just a little shorter than what we had discussed.",I'm sorry sorry. Just a little shorter than what we had,False,True
286,Would you relax? I know what I am doing. This is how he wears it.,would you relax I know what I am doing this is how he wears it,False,True
287,Julie.,Julie,False,True
288,What?!,,False,False
289,Jody!,Jody,False,True
290,You were with Julie?,look,False,True
291,"Look, when it started I was just trying to be nice to her because she was my brother's girlfriend.",when it started I was just trying to be nice to her because she was my brother girlfriend,False,True
292,"And then, one thing led to another and, before I knew it, we were...shopping.",and then one thing led to another and before I knew it we were,False,True
293,Oh. Oh my God.,oh my God,False,True
294,"Honey, wait. We only did it once. It didn't mean anything to me.",we only get it once I didn't mean anything to me,False,True
295,"Yeah, right.  Sure!",,False,False
296,"Really, Rachel, I was thinking of you the whole time.",Rachel I was thinking of you the whole time,False,True
297,"Look, I'm sorry, all right.",I'm sorry alright,False,True
298,I never meant for you to find out!,I never meant for you to buy,False,True
299,"Oh, please, you wanted to get caught.",,False,False
300,That is not true!,,False,False
301,"Oh, so you just sort of happened to leave it in here?",Captain deleted,False,True
302,Did it ever occur to you that I might just be that stupid?,stupid,False,True
303,"Ok, Monica. I just have to know one thing. Did you go with her to",okay Monica I just have to know one thing did you go with her to Bloomingdale's,False,True
304,Yeah!,,False,False
305,I cant say.,I can't say,False,True
306,Why?!,,False,False
307,Why not?,why not,False,True
308,I cant say because hes famous.,I can't stay because he's famous,False,True
309,"Oh my God, who is it?!",oh my God,False,True
310,"Phoebe, come on, you have to tell us.",,False,False
311,"Okay, okay. Its James Brolin. James Brolin is the father of my baby.",okay okay it's James Brolin,False,True
312,As in Barbara Streisands husband James Brolin?,Barbra Streisand's husband James Brolin,False,True
313,What?! Well he never said that to me!,I never said that to me,False,True
314,In,in this life Phoebe,False,True
315,"Oh, this life! Oh okay no, Chandler's is worse.",Avent 500 Kano Chandler,False,True
316,"Man, it must be so cool remembering stuff like that! I don't have any past life memories.",people who remembers stuff like that,False,True
317,Of course you don't sweetie. You're brand new.,you don't sweetie your brand new,False,True
318,I know Monica's worst Thanksgiving.,I know Monica is worse things give,False,True
319,"Oh, let's not tell this story.",let's not tell the story,False,True
320,"Oh, come on!",,False,False
321,"Oh no, I know! I know! It's the one where Joey got Monica's turkey stuck on his head!",I know it's the one where Joey is turkey stuck on his head,False,True
322,What?! Joey got a turkey stuck on his head?!,,False,False
323,"Hey, it's not like it sounds.",,False,False
324,It's,,False,False
325,"Wendy, we had a deal!  Yeah, you promised! Wendy! Wendy! Wendy!",Wendy if we had a deal yet you promise,False,True
326,Who was that?,,False,False
327,Wendy bailed. I have no waitress.,Wendy Bell,False,True
328,Oh... that's too bad. Bye bye.,that's too bad,False,True
329,Ten dollars an hour.,$10 an hour,False,True
330,No.,,False,False
331,Twelve dollars an hour.,$12 an hour,False,True
332,"Mon. I wish I could, but I've made plans to walk around.",man I wish I could but I've made plans to walk around,False,True
333,"You know, Rachel, when you ran out of your wedding, I was there for you.",when you ran out of your wedding I would therefore you,False,True
334,"I put a roof over your head, and if that means nothing to you...  twenty dollars an hour.",I put a roof over your head and if that means nothing to you $20 an hour,False,True
335,Done.,,False,False
336,"The reactors gonna blow in three seconds, were never gonna make it!",3 minutes till the reactor blows we're never going to make it,False,True
337,Youve got to get out of here! Save yourself!,you've got to get out of here save yourself,False,True
338,No! I wont leave you!,no I won't leave,False,True
339,"Dont worry about me, Im a robot! Im just a machine!!",don't worry about me I'm a robot,False,True
340,No youre not! Not to me!,oh you're not not to me,False,True
341,Oh my God.,oh my God,False,True
342,What?,,False,False
343,I am,I am extremely talented,False,True
344,"Yeah, youre great! Okay, lets take it from",,False,False
345,"No, I mean I was really acting my ass off.",okay let's take my ass off,False,True
346,"Yeah, I thought I was pretty good too.",I thought I was speaking to,False,True
347,"Oh yeah, youre solid. Yeah, youre just no me.",,False,False
348,Yknow what? I think thats enough for now. Yeah. I dont want to be over rehearsed.,you know what I think that's enough for now,False,True
349,Fine!,,False,False
350,Ill do it without you!,I do without you,False,True
351,I dont need you or anybody else!,I don't need you or anybody else,False,True
352,Im gonna make it on my own!,how can I make it,False,True
353,Youll see!!,,False,False
354,Youll,,False,False
355,I can't believe that Ross is gone. It is just so sad.,I can't read the Ross is gone it isn't so sad,False,True
356,I didn't know Ross and you were so close.,I didn't know you were so close,False,True
357,We weren't but we had one class together. He was such a great    guy and he talked so passionately about science. I always remembered him.,we weren't we had one class together that's a great guy and he talked so passionately about sign I was remembered him,False,True
358,I'm sure that would mean a lot to him.,always remembered him that would mean a lot to him,False,True
359,"And if heaven has a    door, I'm sure he's pressing his ear up against it and listening intently.",and If Heaven has a door I'm sure he's pressing his ear up against it and listening intently,False,True
360,I thought so many times about calling him and asking him out.    I guess I really missed my chance.,I thought so many times about calling him and asking him out either but really miss my chance,False,True
361,But you didn't!,,False,False
362,I'm still alive!!,,False,False
363,"Kori, I know this is a big surprise for you.",play I know this is a big surprise.,False,True
364,It's a long story but the things    you just said really made my day!,it's a long story made my,False,True
365,"I mean, the fact that you are here means more    to me than if this room were filled with people!",I mean the fact that you were here means more to me than people,False,True
366,"You sick freak, who does that? I can't believe I had a crush on    you!",you think free cool. That I can't believe I had a crush on you,False,True
367,Did you hear that? Kori Weston had a crush on me!!,did you hear that,False,True
368,Well do a quick check.,Bridgewater quickchek,False,True
369,Okay.,okay,False,True
370,"So, eight days late huh?",8 Days Later,False,True
371,Yeah.,,False,False
372,You must be a little uncomfortable.,you must be getting a little,False,True
373,"Eh, just a tad.",add,False,True
374,"Youre about 80 percent effaced, so youre on your way.",so you're on your way,False,True
375,It still could last a little while longer.,it still could last a little while,False,True
376,If youre anxious there are a few ways to help things along.,so you're on your way,False,True
377,Do them!!,you're anxious there are few ways to help,False,True
378,"Actually, theyre things you can do. Just some home remedies, but in my experience Ive found that some of them are quite effective.",home remedies are very,False,True
379,"Well, we are ready to try anything.",well we are ready to try anything,False,True
380,"Okay, theres an herbal tea you can drink.",okay there's an herbal tea,False,True
381,Okay.,,False,False
382,What is wrong with Emma?,what is Ramadan,False,True
383,"Oh she misunderstood, she thought she was moving to Tulsa.",what is Ramadan,False,True
384,Anytime you're ready.,anytime you ready,False,True
385,"Ok, ok, here we go.",okay okay here we go,False,True
386,"Ok, where am I talking to, here?",okay where am I talkin to hear I mean,False,True
387,"I mean, uh, well, there is one way that seems to offer a certain acoustical advantage, but...",well there is one way that seems to offer a certain acoustical Advantage but,False,True
388,Just aim for the bump.,for the bump,False,True
389,"Ok, ok, ok, ok, here goes.",okay okay okay okay,False,True
390,"You know, I, you know, can't do this.",I can't do this,False,True
391,"Uh, this is too weird.",this is It's too weird,False,True
392,I feel stupid.,,False,False
393,"So don't do it, it's fine. You don't have to do it just because Susan does it.",like I don't do it it's fine you don't have to do it just because Susan doesn't,False,True
394,"Hello, baby. Hello, hello.",,False,False
395,"Oh, hi. Its Mark.",,False,False
396,Easy. Easy. You have to go to the hospital. Okay?,easy easy you have to go to the hospital okay,False,True
397,"Okay, I do.",okay I do,False,True
398,Okay.,,False,False
399,I really do.,,False,False
400,"Okay, Im gonna get your coat and then Ill-Ill put you in a cab.",get your coat and then I'll put you in a cab okay,False,True
401,"Okay. Oh wait, wait-wait, youre not gonna come with me?",you're not going to come with me,False,True
402,Of course I am. I just have to make a call.,of course I am I just have to make a call,False,True
403,Okay.,,False,False
404,Okay?,,False,False
405,Thank you.  Oww!!!! God!,,False,False
406,"What?! I wh-, whats wrong?",,False,False
407,"Im sorry, I just cant go to the hospital lookin like this.",sorry I just can't go to the hospital looking like this,False,True
408,"Pete Becker is circling the ring now. It looks like, hes just trying to feel him out. Oh, Bruiser is just...",Pete Peppers person to ring now looks like he's just trying to feel them out Bruiser,False,True
409,"Run! Run you crazy, rich freak!",ronja crazy Rich freak,False,True
410,"Oh, I cant watch this.",,False,False
411,"Check it out, hes winning!  Petes winning!",,False,False
412,Really?!,,False,False
413,No-o-o!!,,False,False
414,"Uh-oh, Bruiser has Becker on the canvas and is going for his favourite area.",who's favored area,False,True
415,Oh! Oh!,,False,False
416,"Wait, if thats his favourite area, why is he being so mean to it?",area why is it being so mean to it,False,True
417,"Well, this is ironic.",,False,False
418,"Of your last two boyfriends, Richard didnt want to have kids, and from the looks of it, now Pete cant.",,False,False
419,"Dude, you dont have to brag! We got nothing here!!",dude you don't have to brag we got nothing here,False,True
420,Should we tell Rachel theres an empty private room right next door to hers?,,False,False
421,"We could, or we can have sex in it.",we could or we can have sex in it,False,True
422,"Well let me think about that, while I remove my pants!",I think about that,False,True
423,I thought I was a complete idiot.,thought it was a complete idiot,False,True
424,"Hey, Im with you. He even asked me if I thought youd go out with him.",thought it was a complete idiot I thought you'd go out with him,False,True
425,"Oh! Oh, I think Im gonna throw up a little bit. What did you say?",,False,False
426,I said no.,what did you say,False,True
427,What?!,,False,False
428,What? II just figured since youre pregnant youre not gonna be seeing people.,but I just figured since you're pregnant you're not going to be seeing people,False,True
429,"Okay Joey, first of all Kash Ford is not people. Second of all, what did he say when you told him I was pregnant?",okay Joey,False,True
430,I didnt tell him. I didnt know if you were telling people. This is back when I thought Kash was still people.,I didn't tell him I didn't know if you were telling people this back when I thought cash was still people,False,True
431,"Good-good, dont tell him. Dont tell him. Just have him call me okay?",,False,False
432,"Rach look, I really dont think thats such a great",ratchet but I really don't think that's a,False,True
433,"Okay, you go do it! Ill come back to that set! Ill meet more actors! Ill meet em all!",,False,False
434,"Ohh, here you are. I was looking for you before. Joshuas gone so you and Emily are free to go.",oh there you are looking for Joshua's gone so you and Emily are free to go,False,True
435,Thats okay.,okay,False,True
436,"Shes still in there enjoying her fake party and uh, its too late to do any of the things I had planned, so",she's still in there enjoying her fake party and too late to do any of that stuff I had planned,False,True
437,Ah! Ah! I forgot my jacket!,,False,False
438,You tell them to wait!,,False,False
439,Okay. Wait! Wait!,,False,False
440,Emily.,,False,False
441,Oh no-no-no! Oh-no!  No! No! Emily!,nununu,False,True
442,Hey. Call me when you get there. Okay?,call me when you get there,False,True
443,Okay.,,False,False
444,I know. You're the guy who wouldn't chip in for the handyman.,I know you're the guy who wouldn't ship into the handyman,False,True
445,Nevermind!,nevermind,False,True
446,"No, I-I actually thought it was unfair the way everyone reacted. I mean you had just moved in.",I actually thought it was really unfair the way everyone reacted when you had just moved in,False,True
447,Jen.,,False,False
448,"Jen, I know this may sound a little But uh, would you maybe wanna grab a cup of coffee sometime, or",play sound a little coffee sometime,False,True
449,Sure! That would be nice.,that would be nice,False,True
450,Umm?,,False,False
451,Oh! My number is on there.  Give me a call.,my numbers on there give me a call,False,True
452,I will give you a call.,I will give you a call,False,True
453,I'll see you later.,,False,False
454,Okay!,okay,False,True
455,I forgot my paper.,forgot my paper,False,True
456,"Here we go. Okay, brace yourselves.",here we go,False,True
457,What?,hey Brittany,False,True
458,Okay.,,False,False
459,Ow!,,False,False
460,Arent you gonna go?,,False,False
461,No. Thank you.,,False,False
462,"No, Rachel never pees in public restrooms.",no regular herpes and public restrooms,False,True
463,"Well, they never have any paper in there y'know. So my rule is no tissue, no tuschy.  Well, if everybodys going.",well they never have any paper in there you know so my role is,False,True
464,"No, y'know what dont close it  cause the... keys...are in there.",,False,False
465,"Oh, no-no-no-no-no-no!!",,False,False
466,Whats going on?,,False,False
467,My lighters in there!,,False,False
468,I promise.,,False,False
469,"Although, dont feel like you cant visit.",although don't feel like you can't visit,False,True
470,"Hey, is, is, is Chandler here?",,False,False
471,"No, no hes not.",no no he's not,False,True
472,"You guys, Joey just saw Janice kissing her ex-husband.",can we just put kissing her ex-husband,False,True
473,"What?  So what are you going to do? I mean how, how are you going to tell Chandler?",what are you going to do I mean how you going to tell Chandler,False,True
474,"Well, I was thinking about that and I, I think the best way would be, to not.",I was thinking about that and I think the best way would be to not,False,True
475,"Joey, you cant keep this to yourself, if you know about this, you have to tell him.",,False,False
476,"Itll kill him. I mean itll, itll just kill him.",it'll kill him I mean,False,True
477,"Well, you could wait til I go to the dentist, maybe",wait till I go to the dentist,False,True
478,"Hey, what are you doing here?",hi what are you doing,False,True
479,"Well, oh just ah, I was just wondering, when you and I split up, did you get the tape that was half the last episode of",I'm just wondering what the last episode,False,True
480,"Ah yeah, but now its Susan and me in Mexico and the hostages coming home.",Mexico and the coming home,False,True
481,Wheres Ben?,,False,False
482,Hes sleeping.,,False,False
483,"Ahh.  Ooh, is this a ah, is this a bad time?",it's bedtime,False,True
484,"Umm, yeah, actually, Susans gonna be home any minute, its kinda an anniversary.",I have an anniversary,False,True
485,"Oh! I thought you guys got married in uh, January?",I thought you guys got married in the January,False,True
486,Its not that kind of anniversary.,different kind of anniversary,False,True
487,Ah!  Oh.,,False,False
488,Sooo!! Anyway...,anyway,False,True
489,Where are we gonna find a tiny little hat?,,False,False
490,"Oh, oh, oh, Ill get Rainy Day Bear!!",,False,False
491,"Because hell know what to do?  Oh my God, youre a genius!",what to do,False,True
492,"Oh God, oh God, its sowed on though.",,False,False
493,Give it. Give it.,,False,False
494,Okay.,,False,False
495,Oh!!,,False,False
496,"Oh, its just like a bloodbath in here today.",Chicago bloodbath here today,False,True
497,Please. This is so your fault.,call,False,True
498,"How, how is this my fault?",,False,False
499,"Look, Carol never threw me out of a room before you came along.",never threw me out of the room before you came along,False,True
500,"Yeah? Well, there's a lot of things Carol never did before I came along.",what does a lot of things Carol never did before I came along,False,True
501,"Hey, hey, ok, all right, that's it!",,False,False
502,Get in here.,,False,False
503,Come on.,,False,False
504,"My god, you guys, I don't believe you.",I don't believe you,False,True
505,There are children coming into the world in this very building and your negative fighting noises are not the first thing they should be hearing.,children coming into the world in this very building and your negative fighting noises are not the first thing they should be here,False,True
506,"So just stop all the yelling, just stop it!",,False,False
507,"Yeah, Susan.",,False,False
508,"Don't make me do this again, I don't like my voice like this.",don't make me do this again I don't like my voice,False,True
509,"Ok, who wants to hear something ironic?",okay,False,True
510,"Oh! Here it is!  Ooh, Joey! Why did you sign it, ""Son of a bitch?""",why did you find a son-of-a-bitch,False,True
511,I didnt do that! Who wouldve done that?!,I didn't do that,False,True
512,Son of a bitch!,,False,False
513,"Okay, maybe ask this guy.",okay maybe I just died,False,True
514,"Oh, did I not mention? Carl is a guy I hired to be my identical twin for a medical research project.",how did I not mention project,False,True
515,"Yknow sometimes the good ideas are just right in front of you, arent they?",you know sometimes the good ideas are just right in front of me are they,False,True
516,"Okay, I know it sounds crazy, but I think it might work. Yknow? The only problem is, Carls acting is",I know it sounds crazy but I think it might work,False,True
517,The,the only problem,False,True
518,"Yeah, hes the reason I didnt get that big",yeah he's the reason I get that big Minute Maid commercial couple years ago remote,False,True
519,"Hey, uh can I get a little piece of that cake?",,False,False
520,Pizza!! We like Pizza!! Get out!!!,Pizza we like pizza,False,True
521,"Hey Monica, theres a customer who wants to complement the chef, should I let him in?",hey Monica,False,True
522,"Sure, I love this part!",Samurai London fart,False,True
523,Come on in.,,False,False
524,"Really? In the moment, I really wanted to kiss you too. In the moment.",,False,False
525,"In the moment, yeah.",in the moment,False,True
526,But only in the moment. So do ya wanna kiss again?,my kids again,False,True
527,"Sure, New Years Eve is only two weeks away. Can you wait?",weeks away,False,True
528,No.,no,False,True
529,Me neither.,me neither,False,True
530,"3, 2,",free,False,True
531,"Joey, you dont have to count down every time we kiss.",you don't have to count down every time we kiss,False,True
532,"Uh, yeah, okay. Except I sorta felt like I needed a couple of seconds to get ready.",Septiceye,False,True
533,Alright. Phoebe?,,False,False
534,"Okay, okay.",okay,False,True
535,"If I were omnipotent for a day, I would want, um, world peace, no more hunger, good things for the rain-forest...And bigger boobs!",if I run diffident 4-day I would want World Peace no more hunger good thanks for the rainforest and bigger boobs,False,True
536,"Yeah, see.. you took mine. Chandler, what about you?",so you took mine,False,True
537,"Uh, if I were omnipotent for a day, I'd.. make myself omnipotent forever.",omnipotent for a day I make myself omnipotent,False,True
538,"See, there's always one guy.  ""If I had a wish, I'd wish for three more wishes.""",say there's always one guy by the wish I wish for three more wishes,False,True
539,"Hey Joey. Hi. Hey, buddy.",,False,False
540,"Hey, Joey, what would you do if you were omnipotent?",hey Joy what would you do with your,False,True
541,Probably kill myself!,how to kill myself,False,True
542,..Excuse me?,excuse me,False,True
543,"Hey, if Little Joey's dead, then I got no reason to live!",Little Joey's dad that I got no reason,False,True
544,"Joey, uh-",Joey omnipotent,False,True
545,You,you are,False,True
546,Im sorry.,Siri,False,True
547,"Joey, onstage!",Joey on stage,False,True
548,Well can you at least stay to the end of the play?,who created Winnie the Pooh,False,True
549,"I mean, Ill go to the airport with ya, I-I wanna say good bye.",I'll go to the airport with you I Want to Say Goodbye,False,True
550,Where are you Vic?,Vic,False,True
551,Flights in an hour. I-I gotta go.,I got to go,False,True
552,Vic! Vic!,,False,False
553,In a minute!!,animated,False,True
554,So this is it? Victor?,Victor,False,True
555,"Yeah, I guess it is.",yeah I guess it is,False,True
556,"Listen, I ah, I gotta say good bye, and-and I gotta say it quick cause this is killing me.",I got to say goodbye and I got to stay quick cuz it's killing me,False,True
557,"One thing you gotta know, is that I will never forget you.",one thing you got to know is that I will never forget you,False,True
558,"But, youve got things you have to do now, and so do I.",but you got things you have to do now and so do I,False,True
559,"And so Im gonna get on this spaceship,  and Im gonna go to Blargon 7 in search of alternative fuels.",and so I'm going to get on this spaceship,False,True
560,"But when I return, 200 years from now, youll be long gone.",but when I return to hundred years from now you'll be long gone,False,True
561,But I wont have aged at all.,but I want to be aged at all,False,True
562,"So you tell your great-great-granddaughter to look me up, because Adrienne, baby, Im gonna want to meet her.",but you tell your great-great-granddaughter to look me up because Adrian baby I'm going to want to meet her,False,True
563,"So long, Vic!",,False,False
564,Nooo Way! The most romantic song ever is,no way the most romantic song ever was The Way We Were,False,True
565,"See, I-I think that one that Elton John wrote for, um, that guy on",see I think the one that Elton John wrote for that guy who's the Boss,False,True
566,"What song was that, Pheebs?",what song is this,False,True
567,Hi Monica!,harmonica,False,True
568,Hey Mon!,,False,False
569,Hey Mon!,,False,False
570,"Oh my God, has she slept at all?",oh my God it all,False,True
571,Nope.,pictures of it all,False,True
572,"No, it's been three nights in a row.",no it's been three nights in a row,False,True
573,"Yeah, she finally stopped crying yesterday, but then she found one of Richard's cigar butts out on the terrace, so.",she finally stopped crying yesterday but then she paint want to Richard,False,True
574,"Oh, okay that explains it.",okay that explains it I got a call at 2 in the morning,False,True
575,"I got a call at two in the morning, but all I could hear was, like, this high squeaky sound, so I thought okay its like a mouse or a opossum.",okay that explains it I got a call at 2 in the morning and all I could hear was like this High squeaky sound so I thought,False,True
576,But then I realized where would a mouse or a opossum get the money to make the phone call.,I realized like okay where would a mouse or possum get the money to make the phone call,False,True
577,"So uh, man, are you gonna go to the play with me tonight?",so while managing to go to the play with me tonight,False,True
578,"Yknow what, I dont know how comfortable I am going to see how hot the sex is between some guy and your girlfriend.",I don't know how comfortable I am going to see how hot the text is between some guy and your girl,False,True
579,"Yeah, I know but",yeah I know but,False,True
580,"Oh no-no-no, Im there.",,False,False
581,Hey!,hey,False,True
582,Hey Mon! Want some pancakes?,hey I'm on the pancakes,False,True
583,You made pancakes?,what's pancakes you made pancake,False,True
584,Yep! Grab a plate.,yep shadowplay,False,True
585,"No-no, stay right there.  Gettin closer.",10-day weather,False,True
586,"Okay, okay, but dont worry, because we also have cereals, muffins, waffles,",okay okay but don't worry because we also cereals muffins waffles,False,True
587,"Listen also were uh, were watching the game here Saturday night, if people want to come over.",watching the game,False,True
588,Oh yeah!,,False,False
589,"Yes, if the foxhole was lined with sandwiches.",the Foxhole was lined with sandwiches,False,True
590,"Yeah, hero sandwiches.",yeah hero sandwiches,False,True
591,Well you all know that I'm a pacifist so I'm not interested in war in any way.,and you all know that I'm a pacifist or not interested in war and anyway,False,True
592,"When the revolution comes, I will have to destroy you all.",but you know what when the revolution comes I will have to destroy you all,False,True
593,Not you Joey.,nitrogen,False,True
594,Oh my good God.,oh my good God,False,True
595,"Hey! Continuing the countdown of your favorite meals. Tonight, No. 3, macaroni and cheese with cut up hot dogs.",hey continuing the countdown of your favorite meal and I number three macaroni and cheese with cut up hot dog,False,True
596,"Look, you have done enough! Okay? You have to stop this now.",you have done enough okay you have to stop this now,False,True
597,"I will! But not tonight. For dinner music, I thought we could listen to that tape you made me.",not tonight for dinner music I thought that you made me,False,True
598,"Oh, the mixed tape.",all the mixtape,False,True
599,The Way You Look Tonight,,False,False
600,You are just the sweetest.,you are the sweetest,False,True
601,Hey!,,False,False
602,Hey!,,False,False
603,"Hey, guess what Im doing tonight.",I'm doing tonight,False,True
604,What?,,False,False
605,Im checking out the restaurant with Pete.,checking out the restaurant with beef,False,True
606,"Ohh, Monica, I am so excited for you.",Monica I am so excited for you,False,True
607,"So honey this uh, this threesome thing umm, I mean how-how are you gonna start to find",oh honey this threesome thing,False,True
608,"Ooh, actually Ive been making a list of all the women I know who might be into doing this!",actually I've been making a list of all the women I know who might be into doing them,False,True
609,"Oh.  Wow!  Huh.  Boy!  Well, someones been doing their homework.",oh wow,False,True
610,"Yeah. Ooh, and I know Gail Rosten is in there twice, but she is so",oh and I know Gill rocks and isn't there tonight,False,True
611,"Oh, I know.  Yknow, just-just talking about it is getting me kinda",I know you know,False,True
612,"Oh, me too.",,False,False
613,"and then, we couldve gone from the ceremony to the reception with you in the sidecar!",in the Sidecar,False,True
614,"Ross, it just wouldnt have been feasible.",just wouldn't have been feasting,False,True
615,But having a dove place the ring on your finger wouldve been no problem?,,False,False
616,It was really fun being married to you tonight.,tonight,False,True
617,"Yeah! And! And, it was the easiest 400 bucks Ive ever made.",Newsies,False,True
618,"Okay Ross, can I uh, can I ask you something?",can I have I ask you some,False,True
619,Yeah.,,False,False
620,"That proposal, at the planetarium",The Proposal at the planetarium,False,True
621,"I know, I know it was stupid.",I know I know it's so stupid,False,True
622,Are you kidding?!,are you kidding,False,True
623,"With the, with the lilies, and-and the song, and the stars!",what's up with the lilies in the in the song and the Stars,False,True
624,It wasreally wonderful!,really wonderful,False,True
625,Did you just make that up?,you just make that up,False,True
626,"No, actually I thought about it when, when we were going out.",actually I thought about it when we were going out,False,True
627,"Its how I imagined I uh, I would ask you to marry me.",do imagine I would ask you to marry me,False,True
628,"Well, that wouldve been very hard to say no too.",that would have been it would been very hard to say no to,False,True
629,"Its a good thing I didnt do it, because it sounds like it wouldve been a very expensive wedding.  Okay, good night",so it's a good thing I didn't do it because it sounds like it would have been a very expensive wedding,False,True
630,Goodnight,,False,False
631,Even if the sidecar had a windscreen so your hair wouldnt get messed up?,,False,False
632,I will think about it.,,False,False
633,Thats all Im askin,,False,False
634,"You guys! It was bananas, cream, and beef! I-I just cannot believe that you ate that so that I wouldnt feel bad!",banana cream and beef and I just cannot believe that you ate that so that I wouldn't feel bad,False,True
635,"Well actually, I-I didnt eat mine. Its still in the bathroom.",mine is still in the bathroom,False,True
636,"No it isnt, I ate that.",,False,False
637,Well we left ours in Monicas bedroom.,,False,False
638,"Nope, got it and I got yours  too.",,False,False
639,And thats Im so glad theres no problem.,glad there's no problem,False,True
640,"Thats fine, actually Im on the hiring committee, so therell be at least one friendly face.",that's fine actually I'm on the hiring committee will be at least one friend,False,True
641,Ohh! Thats great!,,False,False
642,"You know, Junior Miss is where I started. Oh, I had to sleep with the",Noah Junior misses where I started,False,True
643,Really?!,really,False,True
644,No-ho-ho!,,False,False
645,Yeah.,yeah,False,True
646,"I mean, no-no-no-no-no, dont you worry, Im sure with your qualifications you wont need to sleep with some guy to get that job.",,False,False
647,"Although, I might need some convincing.",although I might need some convinced,False,True
648,"Well, I, umm",,False,False
649,"Kidding! God, I feel wild today!",,False,False
650,Oh my God! Chandler just left though!,,False,False
651,"Yeah but, maybe its not what we think. Maybe its tell Monica Im sorry Idrank the last of the milk.",yeah but maybe it's not we think maybe if tell Monica I'm sorry I drank the last of the milk,False,True
652,"Or maybe he-he was writing to tell her that-that hes changed his name, yknow? Tell Monica Im sorry.",BBQ King writing to tell her that Betty painted name you know tell Monica I'm sorry,False,True
653,I think it means he freaked out and left!,I think it means he freaked out and left,False,True
654,Dont be so negative! Good God! Isnt it possible that Sorry is sitting in there  right now?!,isn't it possible that sorry,False,True
655,"Okay. Phoebe, I-I think Ross is right. What are we gonna do?",I think Ross is right,False,True
656,"LookOkay, Im just gonnaIm gonna have to go find him and bring him back!",okay I'm just going to have to go find him and bring him,False,True
657,Okay?,okay,False,True
658,"You-you make sure Monica does not find out, okay?",you you make sure Monica does not find out,False,True
659,"I will, I will find him.",,False,False
660,Hey!,,False,False
661,Hi! Hey!,,False,False
662,Do you guys know any cute guys?,hey do you guys know any cute guy,False,True
663,"Well, of course I do! My good friend Joey over here.",of course I do my good friend Joey over here,False,True
664,"Oh, Im sorry. Thank you Chandler.",I'm sorry thank you Chandler,False,True
665,"Anyway, theres this big charity ball this weekend and Ralph Lauren bought a table, so I kinda have to go",there's this big charity ball this weekend and Ralph Lauren bought a table so I shouldn't have to go,False,True
666,Whats the charity?,,False,False
667,"I dont know, something either trees or diseaseRalph mumbles a lot.",no trees or disease dilation house mumbles a lot,False,True
668,Does Ralph mumble when youre not paying attention?,mumbles a lot,False,True
669,Yeah! Its weird. But the thing is need to find a date.,you're not paying attention but the thing is I need to find a date,False,True
670,"Well, what kind of guy are you looking for?",but what kind of guy are you looking for,False,True
671,Hey!,,False,False
672,What are you guys doing later?,,False,False
673,"Oh, Rachel and I have appointments to get our hair cut.",do Rachel and I have appointments to get our hair cut,False,True
674,We do?,,False,False
675,I want to see what he wants first.,I want to see what he wants,False,True
676,I just found out that Elizabeths dad wants to meet me.,I just found out Elizabeth dad wants to meet me,False,True
677,"Wait a minute, hold the phone! Youre not Elizabeths dad?!",hold the phone you're not Elizabeth dad,False,True
678,"Come on guys, I-I really want this guy to like me.",I really want this guy to like,False,True
679,It-it would really help me out if you guys were here to make me look good.,it would really help me out if you guys could be here to kind of make me look good,False,True
680,Of course well help! Yeah! Well be here!,make me look good,False,True
681,Thanks!,,False,False
682,We know how tough those parent/teacher conferences can be.,has parent-teacher conferences can be,False,True
683,"Oh, hi! How are you doing?",are you doing,False,True
684,I'm okay. I gotta go down to the police station and look at mug shots.,okay I got to go down to the police station and look at mugshots,False,True
685,"Thanks for having me over, you guys.",thanks for having me over you,False,True
686,Tag?,,False,False
687,Y-You're going?,thanks for having me over you guys,False,True
688,"Uh we didn't, uh we didn't get the chance to talk.",we didn't even get a chance to talk,False,True
689,"Uh, so, where did you say you're from again?",,False,False
690,Colorado.,Colorado,False,True
691,"Ah, what good are you.",,False,False
692,"Look, um, I think we should talk about what happened on the terrace.",look up I think we should talk about what happened on the terror,False,True
693,Okay.,okay,False,True
694,"Ah, I-I never should have said what I said.",I never should have said what I said,False,True
695,Ityknow what?,I'd let you know,False,True
696,It just doesn't matter how I feel.,it doesn't matter how I feel,False,True
697,"I mean we work together, so nothing could really ever happen between us, and what I would love is just to go to work on Monday, and-and never talk about this again, okay?",we work together so nothing could really ever happen between us and what I would love is just to go to work on Monday and I never talk about this again,False,True
698,"Um, I'm not.",I'm not,False,True
699,"Oh, god, I knew it, that I freaked you out.",no you didn't,False,True
700,"No, you didn't. The only thing that freaked me out was you saying that nothing could ever happen between us.",no you didn't only thing that freaked me out with you saying that nothing could ever happen between us,False,True
701,Really?,,False,False
702,"Yeah, so, please don't fire me for doing this.",yeah so please don't fire me for doing now,False,True
703,"Get him! GET HIM! Get him! Get- YESSS! Not laughing now, are ya pal!",,False,False
704,"See buddy, that's all you need, a bunch of toothless guys hitting each other with sticks.",,False,False
705,Pass it! Pass it!,,False,False
706,He's open!,,False,False
707,Shoot! Shoot! Shoot!,,False,False
708,"Hey, look, we're on that TV thing!",,False,False
709,I am so psyched I kept this chair for myself!,I am so sorry I kept it there for myself,False,True
710,"Yeah, me too.",me too,False,True
711,"Yeah? Wow! Yknow, that this thing has speakers in the headrest!",wow you don't let this thing had speakers in the head,False,True
712,No. Really?,really,False,True
713,Yeah! You can hook it up to your TV,hook it up to your TV and you get radio,False,True
714,My chair heals itself.,my chair heals itself,False,True
715,"Tiger!  Dragon! Iceberg!!  Joseph, did you even study at all last night?",Dragon iceberg,False,True
716,"Yes! Yes, I did.",yes yes I did,False,True
717,Then do Iceberg!,,False,False
718,G-sharp.,,False,False
719,G,,False,False
720,What?! I didn't touch a guitar!,,False,False
721,"No, but you're questioning my method!",,False,False
722,"No, I'm not questioning it, I'm saying it's stupid!  What?!",,False,False
723,Thank you.,thank you,False,True
724,Y'know none of my other student thought I was stupid.,,False,False
725,"Your other student, was you!",,False,False
726,"Yeah, well, y'know maybe you just need to try a little harder!",,False,False
727,"Look, maybe I need to try a real teacher!",maybe I need to try a real teacher,False,True
728,Right here!,,False,False
729,Here!,Andy Cooper,False,True
730,"Andy Cooper, he teaches guitar and look ooh, there's a nice picture of him with a little kid and",Andy Cooper guitar,False,True
731,Fine! You go learn from your qualified instructor! But don't come crying to me when everyone's sick and tired of hearing you play,,False,False
732,"""Baddest man in the whole damn town.""",,False,False
733,"Oh, fine! Take his side!",,False,False
734,"And shame on you! You should know better, Joey needs to work.  Now come on!",stream on YouTube,False,True
735,Hey!,,False,False
736,No! Ah-ah-ah-ah-ah! You can have this back when the five pages are done!  Ahh!,are dumb,False,True
737,Hi!,,False,False
738,Hi.,,False,False
739,"Hi.  Umm, I think theres something that we really need to talk about.",hi Victor something that we really need to talk about,False,True
740,"I think we do. Why dont we go inside?  Look uh, I know why youre here.",I think we do when we go inside,False,True
741,You do?,,False,False
742,"Yeah, and to save you from any embarrassment umm, I think maybe I should talk first.",and to save you from an embarrassment I think maybe I should talk first,False,True
743,Okay.,okay,False,True
744,"Okay.  Uh, Ross and Rachel. Rachel and Ross. Thats been one heck of a see-saw hasnt it?",Ross and Rachel Rachel and Ross,False,True
745,What?,,False,False
746,"I mean look, that-that one night we had was fun andand certainly passionate, but dont you think its better if we just stayed friends?",I mean that one night we had was fun and then certainly passionate but don't better if we just stay friends,False,True
747,Seriously. What?!,seriously,False,True
748,Okay.,okay,False,True
749,Okay.,okay,False,True
750,Yknow what?,you know what,False,True
751,"If you want to, we can do it one more time.",if you want to we can do it one more time,False,True
752,I mean Id-Id be okay with that.,I'd be okay with that,False,True
753,"In fact, I have some time right now.",time right now,False,True
754,"Okay, yknow what? Can I, can I talk now?",,False,False
755,Oh sure.,,False,False
756,"Im pregnant.  Ross?  Ross?  Okay, whenever youre ready.  And youre the father by the waybut you got that",I'm pregnant,False,True
757,We should defiantly play football more often. Maybe theres a like league we could join or something.,,False,False
758,I know!,,False,False
759,"Yes! Wow, well, that-that was easy. Okay, you-you go.",wow,False,True
760,Okay.,okay,False,True
761,Okay.,,False,False
762,"Okay, you know, you know when your in bed, with a woman.",okay when you know you know when you're in bed with a,False,True
763,Hmph.,,False,False
764,"And, ah, you know, your fooling around with her.",food around me,False,True
765,"And you get all these like, mental images in your brain, you know, like Elle MacPherson, or that girl at the Xerox place....",and you get all these like mental images in your brain you know like Jo McPherson or at that girls with your aunt,False,True
766,"With the belly-button ring? Oh, muhawa!",with the belly button ring,False,True
767,"I know, And then all of the sudden your Mom pops into your head.",and then all the sudden your mom pops,False,True
768,"And your like 'Mom, get outta here!'",you're like Mom get out of here,False,True
769,"You know, but of course, like, after that you can't possibly think of anything else, and you can't, you know, stop what your doing.",after that you can't possibly think of anything else and you can't you know what you're doing so it's kind of like your,False,True
770,"So it's kinda like, you're, you know.",and you can't stop what you doing so it's kind of like your,False,True
771,You know.... You don't know!,you don't know,False,True
772,"Your Mom, your telling me, your telling me, about your Mom, what is the matter with you?",you telling me about about,False,True
773,You said...,,False,False
774,I said ',,False,False
775,Oh!,,False,False
776,Look at Emma!,,False,False
777,"I just cant decide who she looks more alike, you or Rachel?",you can't decide if she looks more like you were right though,False,True
778,"Oh what are you kidding? Shes gorgeous, its all Rachel.",what are you doing gorgeous,False,True
779,"Im sorry, for the last time, why arent you two together again?",I'm sorry for the last time,False,True
780,"No, I know.",,False,False
781,"I know, because youre not in that place.",I know because you're not in that place,False,True
782,"Which would be fine, except you totally are.",which would be fine except you totally are,False,True
783,Itsits complicated okay?,it's complicated okay,False,True
784,"Yeah thats true. Yeah, you love her. You always have. You have a child together. There is no right answer.",yeah that's true you always have you have a child together,False,True
785,"Look, weve been together.",,False,False
786,Okay?,okay and,False,True
787,"And then apart, and then together, and then apart, and now we have a baby.",and then together and then apart we have a baby,False,True
788,Its just if-if we got together again and it didnt work outI could never do that to Emma.,if we got together,False,True
789,I mean she-she thinking everything Oh thatsnow me.,Gucci,False,True
790,What do they put something in the water in this place?,Whatley put them in the water,False,True
791,"Since Rachel and I were doing really, were doing really well right now.",,False,False
792,"I know. I know. I know. I know, and if you try to make it more you might wreck it.",I know I know I know I know and if you try to make it more in my truck,False,True
793,"Yeah, exactly.",exactly,False,True
794,Right.  Or you might get everything youve wanted since you were fifteen.,or you might get everything you wanted since you were fifteen,False,True
795,God. I forgot how much I love driving. I have,,False,False
796,You dont have a,you don't have a valid driver's license,False,True
797,"Oh Ross youre so tense! You just gotta relax, okay? Just need to relax all right? Just need to relax",okay,False,True
798,What-what are you doing?! Are youOkay thats not funny! Just stop horsing around!,,False,False
799,"I am not horsing around, okay? I am Porsching around.",I am not horsing around,False,True
800,Uh-oh.,,False,False
801,"Okay, stay calm. Nothing is going to happen to you, you are not in that much trouble.","Penn State, nothing's going to happen to you you are not in that much trouble",False,True
802,Really? You think so?,really you think so,False,True
803,I was talking to myself! Youre going down!,,False,False
804,Hey honey! I missed you today!,honey,False,True
805,"Oh, yeah?",hell yeah,False,True
806,Yeah.  What d'you wanna do tonight?,we going to do tonight,False,True
807,"Oh, well... Maybe we could...",oh well. Maybe we could,False,True
808,"Ok, trying to turn me on by making a mess?",okay trying to Turn Me On by making a mess,False,True
809,Know your audience!,know your audience,False,True
810,"Besides, tomorrow we're doing those fertility tests and until then you need    to keep your tadpoles in the tank.",besides tomorrow we're doing this for Tilly's help until then you need to keep your tadpoles in a tank,False,True
811,We really need to take those tests?,really need to take those tests,False,True
812,"Honey, we've been trying to have a baby for over a year.",honey we've been trying to have a baby for over it,False,True
813,I think    it's a good idea to find out if everything's ok. Just a few routine tests.,just think it's a good idea to find out if everything's okay,False,True
814,But I don't wanna do it in a cup!,it's a routine test I don't want to do it in the car,False,True
815,"Oh, hi Max! Hey, do you know everybody?",,False,False
816,No. Have you seen David?,no,False,True
817,"No, no, he hasn't been around.",,False,False
818,"Well, if you see him, tell him to pack his bags. We are going to Minsk.",if you see him tell him to pack his bags we are going to min,False,True
819,Minsk?,,False,False
820,Minsk. It's in Russia.,men kissing Russia,False,True
821,I know where Minsk is.,,False,False
822,"We got the grant. Three years, all expenses paid.",we got the grant three years all-expenses-paid,False,True
823,"So when, when do you leave?",Wendy's,False,True
824,January first,January 1st,False,True
825,You wanted to see me Professor Geller?,you wanted to see me perfect together,False,True
826,"Yes. Yes! Please, come in.",yes yes please come in,False,True
827,Oo-oo!,,False,False
828,Pretty great! Except I did get a little attitude from the robot.,Freddie Gray,False,True
829,"Damn those robots, theyre supposed to be our",,False,False
830,"Anyway, it wasnt the robot, it was the guy who controls him.",anyway wasn't the robot at the guy who controls,False,True
831,"Yeah, he doesnt like me.",doesn't like me,False,True
832,He had C.H.E.E.S.E.,,False,False
833,knock over the sandwich right when I was reaching for one!,,False,False
834,Ohh!,,False,False
835,"Well, why dont you just get him fired?",so why are you just getting fired,False,True
836,"I may have to, I hate to do it, but Im the star!",I may have to I hate to do it but I,False,True
837,Yknow?,,False,False
838,Theres a limit to how many sandwiches I can eat off the floor.,is a limit to how many sandwiches I can eat off the floor,False,True
839,Excuse me.,,False,False
840,Joey Tribbiani.,Joey Tribbiani,False,True
841,"Joe! Im glad I found ya, I got an audition for ya!",I'm glad I found you I got a new edition for you,False,True
842,Wow!,,False,False
843,The thing is its kinda on the Q.T.,Hainan the cutie,False,True
844,The actor who has the part doesnt know he might be fired.,the actor who had supper doesn't know he might be fired,False,True
845,"Its the lead in a series, Mac and C.H.E.E.S.E.",deleted a series mac and cheese,False,True
846,Im the lead in Mac and C.H.E.E.S.E.!!,,False,False
847,Oh good God! If you want a baby so bad just go steal it!,,False,False
848,What is going on with you? Since when are you so crazy about babies?,,False,False
849,Im not crazy about babies. Im crazy about us.,I'm not crazy about babies I'm crazy about us,False,True
850,What?,what,False,True
851,"Look, weve always talked about having babies someday.",always talked about having babies,False,True
852,"Im not saying it has to be right now, but Im starting to think that we can handle it.",but I'm starting to think that we can handle it,False,True
853,Were good.,,False,False
854,Were really good.,we're really good,False,True
855,"Oh, did you catch him?!",,False,False
856,Wh-what did he say?!,,False,False
857,"He said, ""Nice to meet you Glenda.""  Well, obviously I couldn't give him my real name?",she said nice to meet you Glenda,False,True
858,Why?! Why not?!,why why not,False,True
859,"Come on, you saw the way he ran out of here!",,False,False
860,He's gonna stick around and talk to the daughter he abandoned!,you're when you think it's going to stick around and talk to the daughter he have,False,True
861,What did you say to him?,what did you say to me,False,True
862,"Well, I said, I told him y'know, that I was the executor person of Francis' will and that I needed to talk to him so I'm gonna meet him at the coffee house later.",executor,False,True
863,"Oh yeah, sure.",India,False,True
864,"Okay, in about ten seconds youre gonna see him kiss me.",pain but 10 seconds to go to see him kiss,False,True
865,And in about five seconds youre gonna see why.,and in about five seconds you're going to see why,False,True
866,Ross did I ever tell you about the time that I went backpacking through Western Europe?,ever tell you about the time that I went backpacking through Western Europe,False,True
867,"Okay, get ready to see some beggin!",,False,False
868,"Oh, you came on to Ross!",,False,False
869,What?!,I'm so happy,False,True
870,Now Im so happy.,,False,False
871,What are you talking about?!,what are you talking about,False,True
872,You used the Europe story!,,False,False
873,Thats the magic story you use when you wanna have sex!,check the magic store you use when you want to have sex,False,True
874,How do you know about that story?!,free,False,True
875,How do,,False,False
876,I heard it from my friend Irene who heard it from some guy!,,False,False
877,Some guy!!,,False,False
878,"No. No, she told me his name was Ken Adams.",she told me that his name was Ken,False,True
879,Ken Adams!!,,False,False
880,"How we doing, you guys ready?",,False,False
881,Mom already called this morning to remind me not to wear my hair up. Did you know my ears are not my best feature?,tomorrow morning call this morning to remind me not to wear my hair up my ears were not my best feature,False,True
882,Some days it's all I can think about.,some days it's all I can think about,False,True
883,"Hi, sorry I'm late, I couldn't find my bearings.",hi I'm sorry I'm late I couldn't find my berries,False,True
884,"Oh... ok, fine.",okay,False,True
885,But... ehm...,okay fine but,False,True
886,"I just have one question for you,    ehm...",I just have one question for you,False,True
887,"When we exit should we walk, or run, or prance,    or stroll...",when we exit should we walk or run or prance or,False,True
888,"Stop it, stop it! He talks slow but he might pee fast! Ok,    let's go!!",,False,False
889,I cant believe this! How long as this been going on?,can't believe this how long is this been going,False,True
890,"Well umm, Alexandra has been",Alexandra's,False,True
891,"Oh, it has a name?",,False,False
892,"Phoebe, dont get upset!",don't get upset,False,True
893,OkayOop! Too late! Im leaving! Come on Chandler lets go!,okay too late I'm leaving let's go,False,True
894,"Well, Phoebe I thought IdYeah, what the hell.",I thought I'd,False,True
895,Ben!,,False,False
896,"Oh, that's good. Maybe he'll hear you and pull the cord.",,False,False
897,Stop the bus! Wait! Wait! Wait!,soccer ball,False,True
898,Are you sure he didn't break it because it really hurts?,are you sure you didn't break it,False,True
899,"No, it's just a good bone bruise. And, right here  is the puncture wound from your ring.",is the puncture wound from your,False,True
900,"Oh, I'm sorry, I'm really sorry.",I'm sorry I'm really sorry,False,True
901,Sorry.,,False,False
902,Sorry!,,False,False
903,I got my s's back!,hey I got my answer back,False,True
904,Which we can celebrate later.,which religions celebrate later,False,True
905,Celebrate.,,False,False
906,"Ok, Paulo, why don't you just go get dressed, and then you be on your way, ok, bye-bye.",okay Palo wanted to just go get dressed and you be on your way okay,False,True
907,"Rachel, how did this happen?",Rachel,False,True
908,"I don't know, I just kinda ran into him last night.",I just kind of ran into last night,False,True
909,Where?,where,False,True
910,At his apartment. Is this juice?,where is apartment isn't cute,False,True
911,"Whoa, whoa. And the fact that you dumped him because he hit on Phoebe?",and the fact that you dumped him cuz he hit on Phoebe,False,True
912,"Oh God, I know I'm a pathetic loser.",oh God I know I'm just a loser,False,True
913,"I licked my arm, what?",lick my arm,False,True
914,It's breast milk.,,False,False
915,So?,,False,False
916,"Phoebe, that is juice, squeezed from a person.",,False,False
917,What is the big deal?,what is the big deal,False,True
918,What did you just do?,,False,False
919,"Ok, would people stop drinking the breast milk?",okay if people stopped drinking the breast milk,False,True
920,You won't even taste it?,you won't even taste it,False,True
921,No!,,False,False
922,Not even if you just pretend that it's milk?,,False,False
923,Not even if Carol's breast had a picture of a missing child on it.,even if Karen was bred to the picture of a missing child,False,True
924,Aww!,,False,False
925,"Hey Pheebs, could you please not put your feet up on my newold sheet?",HD please not put your feet up on my new old date,False,True
926,Oh sure!  Noo!,,False,False
927,Ohh!!,,False,False
928,My apothecary table!!!,,False,False
929,What?!,,False,False
930,Noooooo!!,,False,False
931,"Ross, where did you get this?!",,False,False
932,"Oh my God, Phoebe,",oh my God,False,True
933,"Wow! Oh my God, well if theyve ripped off our table ours must be much more than one and fifty dollars!",be worth much more than one is $50,False,True
934,Well this doesnt even smell like opium.,,False,False
935,"Of course not, it smells like wine, which you spilled! And thanks for wrecking my sheet by the way.",by the way,False,True
936,How is she?,how much do,False,True
937,"It's too soon to tell. She's resting, which is a good sign.",undertale,False,True
938,How's the hair?,how's the hair I'm not going to lie to you,False,True
939,"I'm not gonna lie to you, Ross, it doesn't look good.",how's the hair I'm not going to lie to you Ross that doesn't look good,False,True
940,"I put a clip on one side, which seems to have stopped the curling.",I put a clip on one side which stinks. The curl,False,True
941,Can we see her?,how can we see you,False,True
942,"Your hair looks too good, I think it would upset her. Ross, why don't you come on in.",your hair looks too good I think it would upset her Ross 22 come on in,False,True
943,How're you doing?,how you doing,False,True
944,Of course the packaging does appeal to grown-ups and kids alike.,course the packaging does appeal the grown-ups actors,False,True
945,"Ross, you're being silly. I've tried it, it's no big deal. Just taste it.",you're being silly I've tried it's no big deal come on,False,True
946,That would be no.,that would be no,False,True
947,Come on. It doesn't taste bad.,,False,False
948,"Yeah, it's kinda sweet, sorta like, uh...",Sweetwater Lake,False,True
949,Cantaloupe juice.,with what cantaloupe,False,True
950,Exactly.,exactly,False,True
951,You've tasted it? You've tasted it.,you've tasted it.,False,True
952,Uh huh.,aha,False,True
953,"Oh, you've tasted it.",oh you've tasted it,False,True
954,"You can keep saying it, but it won't stop being true.",you can keep saying it but it won't stop being true,False,True
955,Gimme the bottle.  Gimme the towel.,Demi Lovato,False,True
956,I still don't get why Greg and Jenny would give us a fake number.,,False,False
957,"Yknow, if they knew what they were doing they probably didnt give you real names either.",you know if they knew what they were doing if I didn't give you real names either,False,True
958,"Okay, maybe people give out fake numbers, but they dont give out fake names.",numbers but they don't,False,True
959,"Oh yeah?  Hi, Ken Adams, nice to meet you.",Jen Adams,False,True
960,Regina Philange.,Regina phalanges,False,True
961,"I still dont get it, we didnt do anything wrong.",,False,False
962,"I know! Although, you did tell an awful lot of jokes.",Salina jokes,False,True
963,I thought you said those jokes were funny. Joke! Joke! Joke!,I thought you said those jokes are funny,False,True
964,Joke. Joke. Blah! Blah!,,False,False
965,Well maybe it was all of your questions.,well maybe resolve your questions,False,True
966,What about my questions?,,False,False
967,"No, Im sorry. Its just my foot itches like crazy.",,False,False
968,"Oh, Ill get it.",,False,False
969,Wow! I usually get to know a girl a little better before I let her spoon me.,wow I usually get to know a girl better before I let her Spoon Me,False,True
970,"Relax, its not like were forking.",,False,False
971,"Look at it! Ohhh! Wallpapers a little faded, thats okay. Carpets a little loose. Hardwood floors!!",look at it wallpapers little faded that's okay carpets a little Loop,False,True
972,Hey!,,False,False
973,Hello.,,False,False
974,Oh! Ooh! Oh Monica! Its so beautiful.,,False,False
975,I know!!!,,False,False
976,"So, Im here, ready to play.",I'm here already,False,True
977,Okay.,,False,False
978,"I brought a bunch of stuff for the house, so check it out. Ha-ha.",I found a bunch of stuff for the house so check it out,False,True
979,Whats this?,,False,False
980,"Thats a dog, every house should have a dog.",every house we have a dog,False,True
981,Not one that can pee on the roof.,not one that can pee on the route,False,True
982,"Well, maybe its so big because the house was built on radioactive waste.",maybe it's so big because the house was built on radioactive waste,False,True
983,And is this in case the house sneezes?,and is this in case the house music,False,True
984,"No, no, thats the ghost for the attic.",no no that's we go through the Attic,False,True
985,I dont want a ghost.,I don't want to go but nobody wants to go see,False,True
986,"Well, nobody wants a ghost. But youve got one, because the house is sitting on an ancient Indian burial ground.",you got one because the house is sitting on an ancient Indian burial ground,False,True
987,"Wait a minute, the house was built on radioactive waste, and an ancient Indian burial ground? That would never happen.",wait a minute the house was built on radioactive waste and an ancient Indian burial ground but that would never happen,False,True
988,"Okay, obviously you dont know much about the U.S. government.",okay obviously you don't know much about the US government,False,True
989,Hey!,hey,False,True
990,Hello.,,False,False
991,I need to talk to you!,I need to talk to you,False,True
992,"Sure, whats up?",what's up,False,True
993,"All right, I just got changed in thirty seconds so you can be alone with him. You'd better go for it.",all right I just got changed in 30 seconds you could be alone with him you better go for it I'm not going for anything,False,True
994,"Please, I'm not going for anything.",you better go for it I'm not going for anything,False,True
995,"Well, if you don't, I will.",if you don't I will,False,True
996,Would you please go?,please go,False,True
997,I would!,,False,False
998,"Hey, guys, guys, did you see my new, china cabinet?!",hey guys,False,True
999,Uh-huh.,,False,False
1000,"Watch, watch.",,False,False
1001,Ooohhhh!!,,False,False
1002,"And, and!",and,False,True
1003,Ahhhh!!,,False,False
1004,"Hey, my Fathers house does that!",my father's house,False,True
1005,"O-o-o-okay, how did it go? Tell me everything.",tell me everything,False,True
1006,"Well, the movie was great, dinner was great, and theres nothing like a cool, crisp New York evening.",dinner was great and there's nothing like a cool crisp,False,True
1007,Okay. Its Emma.,,False,False
1008,Emma!  See? I dont want it.,I'm sorry was that another joke,False,True
1009,Take it.,Harold,False,True
1010,What?,,False,False
1011,Its clearly an Emma.,clearly and Emma,False,True
1012,"Oh honey, but you love that name.",,False,False
1013,"Yeah, but I love you more.",yeah I love you more,False,True
1014,"Besides yknow, nothing goes with Bing.",,False,False
1015,So Im screwed.,I'm screwed,False,True
1016,"Oh-oh, I'm a duck! I go, ""Quack, quack!"" Im happy all the time!",quack quack I'm happy all the time,False,True
1017,Nice try.,nice try,False,True
1018,"Wait, wait, wait!",,False,False
1019,"Look, Monica",look Mom,False,True
1020,Look!,,False,False
1021,This is not going to work.,this is not going to work,False,True
1022,I bet this will work!,weather to work,False,True
1023,You are so great! I love you!,,False,False
1024,What?,what,False,True
1025,"Nothing! I said, I said ""You're so great"" and then I just, I just stopped talking!",I think you're so great and then I just I just,False,True
1026,You said you loved me! I can't believe this!,you said you loved me I can't believe,False,True
1027,No I didn't!,no I didn't,False,True
1028,"Yes, you did!",,False,False
1029,No I didn't!,,False,False
1030,You love me!,,False,False
1031,No I don't! Stop it! Stop it! Stop it! Stop it!,,False,False
1032,Hello Greg?,this is Monica from the plane,False,True
1033,"Hi, this is Monica from the plane?",,False,False
1034,"Listen, the number that you gave me 853-5   That is their old number!",what's the number that you gave me 853,False,True
1035,Jennys been giving it out since they moved!,,False,False
1036,Jenny! That is so Jenny!,,False,False
1037,"Hey listen umm, how would you like to get together?",,False,False
1038,Say next Saturday?,next Saturday,False,True
1039,"Okay, how about Sunday?",okay,False,True
1040,"Okay umm, the week after that?",,False,False
1041,The week after that?,,False,False
1042,Yknow what Greg?,,False,False
1043,"We are good, interesting, funny people with",good,False,True
1044,Hey Chandler! Yknow that girl you went to college with who-who became a movie director?,,False,False
1045,"Oh yeah, Dana Keystone. She was in my Movement class.",oh yeah Danny Keystone she was in my movement class,False,True
1046,Whats a Movement class?,what's a movement class,False,True
1047,Its Chandlers way of pretending he didnt take mime.,Taylor's way of pretending he didn't take mine,False,True
1048,"Oh well listen, anyway shes directing the new Al Pacino movie. You gotta get me an audition!",the new Al Pacino movie,False,True
1049,"Oh, I dont know man. I havent talked to her in like ten years.",got to get me an audition,False,True
1050,I am.,I am,False,True
1051,"Joey, what are you talking about? Youre a terrific actor.",what are you talkin about your trip against her,False,True
1052,You really think so?,you really think,False,True
1053,"Ugh, how can you even ask that question?!",how can you even ask that question,False,True
1054,Ross! Get a shot of this. (He's carrying an issue of the,,False,False
1055,"Oh, okay, I'm having another one!",oh okay I'm having another one,False,True
1056,"This one doesn't hurt eitherOoh, yes it does!",this one doesn't hurt either,False,True
1057,Ow!,,False,False
1058,Ow!,,False,False
1059,Ow!,,False,False
1060,Ow!,,False,False
1061,Ooh!,,False,False
1062,"Oh, I was kinda hoping that was it.",we're kind of hoping that was this,False,True
1063,"Hey, where are Monica and Rachel anyway?",where are Monica and Rachel anyway,False,True
1064,"Yeah, I love you. Okay, bye!  Hi!",yeah I love you okay bye,False,True
1065,Hi!,,False,False
1066,"That was Alice's mom, she said she left five hours ago. She should be here by now!",that was out mom's because you got 5 hours ago she should be here by now,False,True
1067,"Oh, honey, dont worry. She's gonna make it on time.",oh honey I'm worried she's going to make it,False,True
1068,Yeah.,yeah,False,True
1069,I guess I set up the video camera to try and entice Joey.,I guess I set up the video camera to try and entice Joey,False,True
1070,But sadly I could not be enticed.,,False,False
1071,Unbelievable! I mean you really kept Joey's underwear?! Why? Why would you do that?!,unbelievable,False,True
1072,I'm Monica. I'm disgusting. I stalk guys and keep their underpants.,I'm Monica I'm disgusting,False,True
1073,"Well, I think we've all learned something about who's disgusting and who's not.",what I think we've all learned something about who's disgusting and who's not,False,True
1074,Eh?,,False,False
1075,"All right, now, I'm going to get back to my bucket.",all right I'm going to get back to my bucket,False,True
1076,"I'm only eating the skin, so the chicken's up for grabs.",I'm only eating the skin so the chickens up for grabs,False,True
1077,"Ohh, okay, they gave you the old time pricing.",,False,False
1078,Yeah.,,False,False
1079,"Well, what period is it from?",Google. Is it from,False,True
1080,"Uh, its from yore. Like the days of yore. Yknow?",it's from your like the days of your you know,False,True
1081,"Yes, yes I do.",yes I do,False,True
1082,"God, oh its just perfect!",,False,False
1083,I bet it has a great story behind it too.,well I better have a great story behind,False,True
1084,"Yes! That I know, this is from White Plains.",get that I know this is from White Plains,False,True
1085,"White Plains. Oh, it sounds like such a magical place.",White Plains,False,True
1086,"So, you still dont think Im boyfriend material?",you still don't think I'm boyfriend material,False,True
1087,Huh?,,False,False
1088,I saw you checking me out during the game last night.,so you checking me out you in the game last night,False,True
1089,"I, umm, shut up!",shut up,False,True
1090,Good-bye Phoebe and Ursula. Ill miss you. P.S. Your Mom lives in Montauk. You just wrote this!,goodbye Phoebe and Ursula I'll miss you your mom was in Montauk,False,True
1091,"Well, its pretty much the gist. Well, except for the poem. You read the poem, right?",pretty much the gist of the poem you read the poem rice,False,True
1092,Noooo!!,no,False,True
1093,"All right, hang on!",hang on,False,True
1094,"Rachel, its going to happen. Chandler is gonna move in here.",it's going to happen either is going to move in here,False,True
1095,But I,,False,False
1096,"No-no, wait!",,False,False
1097,"Just let me finish, okay?",,False,False
1098,"This isnt something that we just, we just impulsively decided in-in Vegas, this is something we both really want.",this isn't something that we just,False,True
1099,And it,and it's going to happen,False,True
1100,It is? Really?,,False,False
1101,"Yeah, sweetie.",,False,False
1102,"I mean were not, were not gonna live together anymore?",I'm not going to live together anymore,False,True
1103,No.,no,False,True
1104,What? Oh my God! Im gonna miss you so much!,,False,False
1105,Im gonna miss you!,,False,False
1106,I mean its the end of an era!,,False,False
1107,I know!,,False,False
